,molecule_chembl_id,IC50,units,smiles,pIC50
0,CHEMBL388978,0.3,nM,CN[C@@H]1C[C@H]2O[C@@](C)([C@@H]1OC)n1c3ccccc3c3c4c(c5c6ccccc6n2c5c31)C(=O)NC4,9.522878745280337
1,CHEMBL3597011,1.0,nM,CN1CCc2cc(-c3cnc4[nH]cc(C(=O)c5ccccc5Cl)c4c3)ccc2C1,9.0
2,CHEMBL3597013,2.8,nM,CCn1c(Nc2ccc(N3CCN(C)CC3)cc2)ncc(-c2ccc(-c3cncs3)cc2Cl)c1=O,8.55284196865778
3,CHEMBL3596921,3.0,nM,O=C(c1ccc(COc2ccccc2)cc1Cl)c1c[nH]c2ncc(-c3cnn(C4CCNCC4)c3)cc12,8.522878745280337
4,CHEMBL3596932,4.5,nM,CN1CCc2ccc(-c3cnc4[nH]cc(C(=O)c5ccccc5Cl)c4c3)cc2C1,8.346787486224656
5,CHEMBL3609372,5.2,nM,CC(C)NC(=O)N1CC[C@H](NC2=Nc3cc(F)ccc3N(CC(F)F)c3ccc(Cl)cc32)C1,8.2839966563652
6,CHEMBL3596930,5.8,nM,COc1nn(C)cc1-c1cnc2[nH]cc(C(=O)c3cc(CCO)ccc3Cl)c2c1,8.236572006437063
7,CHEMBL3596915,7.5,nM,O=C(c1ccc(Cl)cc1Cl)c1c[nH]c2ncc(-c3cnn(C4CCNCC4)c3)cc12,8.1249387366083
8,CHEMBL3596919,7.6,nM,O=C(c1ccc(CO)cc1Cl)c1c[nH]c2ncc(-c3cnn(C4CCNCC4)c3)cc12,8.119186407719209
9,CHEMBL3609327,7.7,nM,CCn1c(=O)c(-c2ccc(-c3cncs3)cc2Cl)cc2cnc(Nc3ccc(N4CCN(C)CC4)cc3)nc21,8.113509274827518
10,CHEMBL3609326,8.3,nM,CCn1c(=O)c(-c2ccc(Cl)cc2Cl)cc2cnc(Nc3ccc(N4CCNCC4)c(F)c3)nc21,8.080921907623926
11,CHEMBL4758500,9.8,nM,Cc1cccn(-c2ccc(-c3ccc4c(C(=O)NCc5ccncc5)n[nH]c4c3)c(Cl)c2)c1=O,8.008773924307505
12,CHEMBL3596922,12.0,nM,CN1CCC(n2cc(-c3cnc4[nH]cc(C(=O)c5ccc(CO)cc5Cl)c4c3)cn2)CC1,7.920818753952375
13,CHEMBL3596914,13.0,nM,O=C(c1ccc(F)cc1Cl)c1c[nH]c2ncc(-c3cnn(C4CCNCC4)c3)cc12,7.886056647693163
14,CHEMBL3128043,13.7,nM,Cc1nc(Nc2n[nH]c3c2CN(C(=O)N[C@H](CN(C)C)c2ccccc2)C3(C)C)c2sccc2n1,7.863279432843593
15,CHEMBL3596927,14.0,nM,COc1nn(C)cc1-c1cnc2[nH]cc(C(=O)c3ccc(COc4ccccn4)cc3Cl)c2c1,7.853871964321762
16,CHEMBL4794004,16.0,nM,Cc1cccn(-c2ccc(-c3ccc4c(C(=O)Nc5ccncc5)n[nH]c4c3)c(Cl)c2)c1=O,7.795880017344075
17,CHEMBL4742230,16.0,nM,CNC(=O)c1n[nH]c2cc(-c3ccc(-n4cccc(C)c4=O)cc3Cl)ccc12,7.795880017344075
18,CHEMBL3596899,18.0,nM,O=C(c1ccccc1Cl)c1c[nH]c2ncc(-c3cnn(C4CCNCC4)c3)cc12,7.7447274948966935
19,CHEMBL3609371,18.0,nM,CCN1c2ccc(F)cc2N=C(N[C@H]2CCN(C(=O)NC(C)(C)C)C2)c2cc(Cl)ccc21,7.7447274948966935
20,CHEMBL3596920,21.0,nM,COCc1ccc(C(=O)c2c[nH]c3ncc(-c4cnn(C5CCNCC5)c4)cc23)c(Cl)c1,7.6777807052660805
21,CHEMBL4787358,21.0,nM,Cc1cccn(-c2ccc(-c3ccc4c(C(=O)NCCc5ccncc5)n[nH]c4c3)c(Cl)c2)c1=O,7.6777807052660805
22,CHEMBL4784979,22.0,nM,Cc1cccn(-c2ccc(-c3ccc4c(C(=O)NCC5CCN(C)CC5)n[nH]c4c3)c(Cl)c2)c1=O,7.657577319177793
23,CHEMBL3596916,23.0,nM,N#Cc1ccc(C(=O)c2c[nH]c3ncc(-c4cnn(C5CCNCC5)c4)cc23)c(Cl)c1,7.638272163982407
24,CHEMBL4568087,24.0,nM,Cn1cc(-c2cnc3c(-c4csc(C(=O)N[C@@H]5CCCC[C@@H]5N)c4)cnn3c2)cn1,7.619788758288394
25,CHEMBL5274607,29.6,nM,CC(C)NC(=O)N1CC[C@@H](NC2=Nc3cc(F)ccc3N(CC(F)F)c3ccc(Cl)cc32)C1,7.528708288941061
26,CHEMBL593490,31.0,nM,Cc1[nH]nc2ccc(-c3cc(OC[C@@H](N)Cc4c[nH]c5ccccc45)cnc3-c3ccoc3)cc12,7.508638306165727
27,CHEMBL3596931,33.0,nM,CN1Cc2ccc(-c3cnc4[nH]cc(C(=O)c5ccccc5Cl)c4c3)cc2C1,7.481486060122112
28,CHEMBL4781551,34.0,nM,Cc1cccn(-c2ccc(-c3ccc4c(C(=O)NCC5CC5)n[nH]c4c3)c(Cl)c2)c1=O,7.468521082957745
29,CHEMBL3596924,37.0,nM,COc1c(-c2cnc3[nH]cc(C(=O)c4ccc(CO)cc4Cl)c3c2)cnn1C,7.431798275933005
30,CHEMBL4784560,42.0,nM,Cc1cccn(-c2ccc(-c3ccc4c(C(=O)NCC5CCOCC5)n[nH]c4c3)c(Cl)c2)c1=O,7.376750709602099
31,CHEMBL3596925,43.0,nM,COc1nn(C)cc1-c1cnc2[nH]cc(C(=O)c3ccc(COc4ccccc4)cc3Cl)c2c1,7.366531544420414
32,CHEMBL3770588,45.0,nM,CCNc1ncc2cc(-c3ccc(-c4cccc(C)n4)cc3Cl)c(=O)n(C[C@H]3CC[C@H](N)CC3)c2n1,7.346787486224656
33,CHEMBL4748552,45.0,nM,CCNC(=O)c1n[nH]c2cc(-c3ccc(-n4cccc(C)c4=O)cc3Cl)ccc12,7.346787486224656
34,CHEMBL3596926,48.0,nM,COc1nn(C)cc1-c1cnc2[nH]cc(C(=O)c3ccc(COc4ccccc4F)cc3Cl)c2c1,7.318758762624412
35,CHEMBL1198335,48.4,nM,COc1cccc(Nc2nc(NCC3CCCO3)c3ccccc3n2)c1,7.315154638355588
36,CHEMBL4799349,52.0,nM,CNC(=O)c1n[nH]c2cc(-c3ccc(-c4cccc(C)n4)cc3Cl)ccc12,7.2839966563652006
37,CHEMBL3769552,53.0,nM,CNc1ncc2cc(-c3ccc(-c4cccc(C)n4)cc3Cl)c(=O)n(C[C@@H]3CCNCC3(F)F)c2n1,7.275724130399211
38,CHEMBL3596923,55.0,nM,CC(=O)N1CCC(n2cc(-c3cnc4[nH]cc(C(=O)c5ccc(CO)cc5Cl)c4c3)cn2)CC1,7.259637310505756
39,CHEMBL3769478,57.0,nM,CNc1ncc2cc(-c3ccc(-c4cccc(C)n4)cc3Cl)c(=O)n(C[C@H]3OC[C@H](NC)CO3)c2n1,7.2441251443275085
40,CHEMBL3923175,59.0,nM,CCS(=O)(=O)c1cc(Nc2ncc(F)c(N(Cc3ccccc3C#N)c3cc(CO)ccc3C)n2)ccc1N1CCN(C)CC1,7.229147988357855
41,CHEMBL2403078,61.0,nM,COc1cc(Nc2ncc(Br)c(-c3cccc(CC#N)c3)n2)ccc1N1CCN(C)C(C)C1,7.214670164989233
42,CHEMBL3596903,63.0,nM,Cc1ccccc1C(=O)c1c[nH]c2ncc(-c3cnn(C4CCNCC4)c3)cc12,7.200659450546418
43,CHEMBL3596912,64.0,nM,O=C(c1cc(CO)ccc1Cl)c1c[nH]c2ncc(-c3cnn(C4CCNCC4)c3)cc12,7.1938200260161125
44,CHEMBL2386715,64.1,nM,COCCN(Cc1cc(F)cc2[nH]ncc12)c1nccc(Nc2cc(C3CC3)[nH]n2)n1,7.193141970481182
45,CHEMBL2403079,65.0,nM,COc1cc(Nc2ncc(Br)c(-c3cccc(CC#N)c3)n2)ccc1N1CCN(C)[C@@H](C)C1,7.187086643357144
46,CHEMBL4067898,65.0,nM,COc1ccccc1-n1cc(COC(=O)C2CCn3c(C(=O)c4ccccc4)ccc32)nn1,7.187086643357144
47,CHEMBL4750093,66.0,nM,Cc1cccn(-c2ccc(-c3ccc4c(C(=O)NCCO)n[nH]c4c3)c(Cl)c2)c1=O,7.180456064458131
48,CHEMBL3770443,69.0,nM,CNc1ncc2cc(-c3ccc(-c4cccc(C)n4)cc3Cl)c(=O)n(C[C@H]3OC[C@H](N)CO3)c2n1,7.161150909262744
49,CHEMBL2386717,70.8,nM,CC(CO)N(Cc1cc(F)cc2[nH]ncc12)c1nccc(Nc2cc(C3CC3)[nH]n2)n1,7.149966742310231
50,CHEMBL4764182,71.0,nM,COCCNC(=O)c1n[nH]c2cc(-c3ccc(-n4cccc(C)c4=O)cc3Cl)ccc12,7.1487416512809245
51,CHEMBL2403080,72.0,nM,COc1cc(Nc2ncc(Br)c(-c3cccc(CC#N)c3)n2)ccc1N1CCN(C)[C@H](C)C1,7.142667503568731
52,CHEMBL3770363,73.0,nM,CNc1ncc2cc(-c3ccc(-c4cccc(C)n4)cc3Cl)c(=O)n(CC3COC4(CNC4)OC3)c2n1,7.136677139879544
53,CHEMBL3596898,83.0,nM,Clc1ccccc1Cc1c[nH]c2ncc(-c3cnn(C4CCNCC4)c3)cc12,7.080921907623926
54,CHEMBL3596910,84.0,nM,O=C(c1ccc(COc2ccccc2)cc1)c1c[nH]c2ncc(-c3cnn(C4CCNCC4)c3)cc12,7.075720713938118
55,CHEMBL3580976,85.0,nM,CCN(Cc1ccc2[nH]cnc2c1Cl)c1nccc(Nc2cc(C3CC3)[nH]n2)n1,7.070581074285707
56,CHEMBL3596911,88.0,nM,Cc1cccc(Cl)c1C(=O)c1c[nH]c2ncc(-c3cnn(C4CCNCC4)c3)cc12,7.055517327849831
57,CHEMBL4764341,92.0,nM,Cc1cccn(-c2ccc(-c3ccc4c(C(=O)NCc5ccccc5)n[nH]c4c3)c(Cl)c2)c1=O,7.036212172654444
58,CHEMBL2403056,98.0,nM,COc1cc(Nc2ncc(Cl)c(-c3cc(F)cc(CC#N)c3)n2)ccc1N1CCN(C)CC1,7.008773924307505
59,CHEMBL2403057,103.0,nM,COc1cc(Nc2ncc(Cl)c(-c3cc(Cl)cc(CC#N)c3)n2)ccc1N1CCN(C)CC1,6.987162775294828
60,CHEMBL3580975,110.0,nM,CN(Cc1ccc2[nH]cnc2c1Cl)c1nccc(Nc2cc(C3CC3)[nH]n2)n1,6.958607314841775
61,CHEMBL2312140,110.0,nM,COc1cc(Nc2ncc(Cl)c(-c3cccc(CC#N)c3)n2)ccc1N1CCN(C)CC1,6.958607314841775
62,CHEMBL3964858,110.0,nM,CCS(=O)(=O)c1cc(Nc2ncc(F)c(N(C)c3cc(CO)c(C)cc3C)n2)ccc1N1C[C@@H]2C[C@H]1CN2C,6.958607314841775
63,CHEMBL3580968,120.0,nM,C[C@H](Nc1nccc(Nc2cc(C3CC3)[nH]n2)n1)c1ccc2[nH]ccc2c1,6.920818753952375
64,CHEMBL3596904,120.0,nM,O=C(c1ccccc1F)c1c[nH]c2ncc(-c3cnn(C4CCNCC4)c3)cc12,6.920818753952375
65,CHEMBL3770909,124.0,nM,CCNc1ncc2cc(-c3ccc(-c4cncc(C)n4)cc3Cl)c(=O)n(C[C@H]3CC[C@H](N)CC3)c2n1,6.906578314837764
66,CHEMBL2403077,126.0,nM,COc1cc(Nc2ncc(Cl)c(-c3cccc(CC#N)c3)n2)ccc1N1CCN(C)C(C)C1,6.899629454882437
67,CHEMBL3950903,130.0,nM,CCS(=O)(=O)c1cc(Nc2ncc(F)c(N(Cc3ccccc3F)c3cc(CO)ccc3C)n2)ccc1N1CCN(C)CC1,6.886056647693163
68,CHEMBL3596928,130.0,nM,COc1nn(C)cc1-c1cnc2[nH]cc(C(=O)c3ccc(COc4cccnc4)cc3Cl)c2c1,6.886056647693163
69,CHEMBL2386716,133.0,nM,C[C@H](Nc1nccc(Nc2cc(C3CCC3)[nH]n2)n1)c1ccc2[nH]ccc2c1,6.876148359032914
70,CHEMBL3596929,140.0,nM,COc1nn(C)cc1-c1cnc2[nH]cc(C(=O)c3ccc(CCO)cc3Cl)c2c1,6.853871964321762
71,CHEMBL4755754,143.0,nM,Cc1cccn(-c2ccc(-c3ccc4c(C(=O)NC5CCN(C)CC5)n[nH]c4c3)c(Cl)c2)c1=O,6.844663962534938
72,CHEMBL3769748,145.0,nM,CCNc1ncc2cc(-c3ccc(-c4cncc(C)n4)cc3Cl)c(=O)n(CC3CCNCC3)c2n1,6.838631997765026
73,CHEMBL3770369,147.0,nM,CCNc1ncc2cc(-c3ccc(-c4cncc(C)n4)cc3Cl)c(=O)n(CCCCN)c2n1,6.8326826652518236
74,CHEMBL3770295,148.0,nM,CCNc1ncc2cc(-c3ccc(-c4cncc(C)n4)cc3Cl)c(=O)n(C[C@H]3OC[C@H](N)CO3)c2n1,6.8297382846050425
75,CHEMBL4790872,159.0,nM,CNC(=O)c1n[nH]c2cc(-c3ccc(-c4cncc(C)n4)cc3Cl)ccc12,6.798602875679549
76,CHEMBL4780410,170.0,nM,O=C(Nc1cc(C(F)(F)F)cc(C(F)(F)F)c1)NC1CCN(c2ncnc3[nH]ncc23)CC1,6.769551078621726
77,CHEMBL3609370,190.0,nM,CCN1c2ccc(F)cc2N=C(N[C@H]2CCN(C(=O)OC(C)(C)C)C2)c2cc(Cl)ccc21,6.721246399047171
78,CHEMBL3896232,200.0,nM,CCS(=O)(=O)c1cc(Nc2ncc(F)c(N(C)c3cc(CO)c(C)cc3C)n2)ccc1N1CCN(C)CC1,6.698970004336019
79,CHEMBL3910608,220.0,nM,Cc1cc(C)c(N(C)c2nc(Nc3cc(N4CCOCC4)cc(S(C)(=O)=O)c3)ncc2F)cc1CO,6.657577319177793
80,CHEMBL4777980,220.0,nM,O=C(CCN1CCOCC1)Nc1ccc2c(c1)/C(=C\c1n[nH]c3ccccc13)C(=O)N2,6.657577319177793
81,CHEMBL3770186,222.0,nM,CCn1c(=O)c(-c2ccc(-c3cncc(C)n3)cc2Cl)cc2cnc(NCCC3CCN(C)CC3)nc21,6.653647025549361
82,CHEMBL2403058,227.0,nM,COc1cc(Nc2ncc(Cl)c(-c3cc(Cl)cc(C#N)c3)n2)ccc1N1CCN(C)CC1,6.6439741428068775
83,CHEMBL4789576,229.0,nM,Cc1cccc(-c2ccc(-c3ccc4c(C(=O)NCC5CC5)n[nH]c4c3)c(Cl)c2)n1,6.6401645176601125
84,CHEMBL3914181,230.0,nM,CCS(=O)(=O)c1cc(Nc2ncc(F)c(N(Cc3ccccc3)c3cc(CO)ccc3C)n2)ccc1N1CCN(C)CC1,6.638272163982407
85,CHEMBL5281068,233.0,nM,CN1C(=O)CCC(N2C(=O)c3cccc(NCCCCCCCCNC(=O)N4CC[C@H](NC5=Nc6cc(F)ccc6N(CC(F)F)c6ccc(Cl)cc65)C4)c3C2=O)C1=O,6.632644078973981
86,CHEMBL2386718,244.0,nM,C[C@H](Nc1nccc(Nc2cc(C3CC3(F)F)[nH]n2)n1)c1ccc2[nH]cnc2c1,6.61261017366127
87,CHEMBL3596908,260.0,nM,O=C(c1ccc(Cl)cc1)c1c[nH]c2ncc(-c3cnn(C4CCNCC4)c3)cc12,6.585026652029182
88,CHEMBL3933198,270.0,nM,CCS(=O)(=O)c1cc(Nc2ncc(F)c(N(C)c3cc(CO)c(C)cc3C)n2)cc(N2CCOCC2)c1,6.568636235841012
89,CHEMBL3597012,270.0,nM,CC(=O)N1CCc2cc(-c3cnc4[nH]cc(C(=O)c5ccccc5Cl)c4c3)ccc2C1,6.568636235841012
90,CHEMBL3580972,281.0,nM,C[C@H](Nc1nccc(Nc2cc(C3CC3)[nH]n2)n1)c1ccc2[nH]cnc2c1,6.55129368009492
91,CHEMBL2403070,289.0,nM,CCOC(=O)c1cc(Nc2ncc(Cl)c(-c3cccc(CC#N)c3)n2)ccc1N1CCN(C)CC1,6.539102157243452
92,CHEMBL3609330,323.0,nM,CCN1c2ccc(F)cc2N=C(N2CCN(C)CC2)c2cc(Cl)ccc21,6.490797477668897
93,CHEMBL4763427,330.0,nM,CNC(=O)c1n[nH]c2cc(-c3ccc(-n4ccccc4=O)cc3Cl)ccc12,6.481486060122112
94,CHEMBL3769456,341.0,nM,CNc1ncc2cc(-c3ccc(-c4cncc(C)n4)cc3Cl)c(=O)n(C[C@H]3CC[C@H](N)CC3)c2n1,6.467245621007502
95,CHEMBL3580974,362.0,nM,Clc1c(CNc2nccc(Nc3cc(C4CC4)[nH]n3)n2)ccc2[nH]cnc12,6.441291429466834
96,CHEMBL3770943,399.0,nM,CNc1ncc2cc(-c3ccc(-c4cncc(C)n4)cc3Cl)c(=O)n(C[C@H]3CNCCO3)c2n1,6.399027104313252
97,CHEMBL3596902,400.0,nM,O=C(c1ccccc1)c1c[nH]c2ncc(-c3cnn(C4CCNCC4)c3)cc12,6.3979400086720375
98,CHEMBL3891484,420.0,nM,Cc1ccc(N(C)c2nc(Nc3cc(N4CCOCC4)cc(S(C)(=O)=O)c3)ncc2F)cc1CO,6.376750709602099
99,CHEMBL3596918,440.0,nM,CS(=O)(=O)c1ccc(C(=O)c2c[nH]c3ncc(-c4cnn(C5CCNCC5)c4)cc23)c(Cl)c1,6.356547323513812
100,CHEMBL3596900,460.0,nM,Clc1ccccc1-c1c[nH]c2ncc(-c3cnn(C4CCNCC4)c3)cc12,6.337242168318426
101,CHEMBL3980696,480.0,nM,CN(c1cc(CO)ccc1Cl)c1nc(Nc2cc(N3CCOCC3)cc(S(C)(=O)=O)c2)ncc1F,6.318758762624412
102,CHEMBL2403059,487.0,nM,COc1cc(C#N)cc(-c2nc(Nc3ccc(N4CCN(C)CC4)c(OC)c3)ncc2Cl)c1,6.3124710387853655
103,CHEMBL3596906,490.0,nM,COc1ccccc1C(=O)c1c[nH]c2ncc(-c3cnn(C4CCNCC4)c3)cc12,6.309803919971486
104,CHEMBL2105734,500.0,nM,COCC[n+]1c2c(n(Cc3cnccn3)c1C)C(=O)c1ccccc1C2=O.[Br-],6.301029995663981
105,CHEMBL590109,510.0,nM,NCCn1cc(-c2cc(-c3cc4ccccc4s3)c3[nH]ncc3c2)c2nc(N)ncc21,6.292429823902063
106,CHEMBL3942173,530.0,nM,CCN(c1cc(CO)ccc1C)c1nc(Nc2ccc(N3CCN(C)CC3)c(S(=O)(=O)CC)c2)ncc1F,6.275724130399211
107,CHEMBL1090360,531.0,nM,O=C(Cc1ccccc1)Nc1cccc(-c2nc3sccn3c2-c2ccnc(Nc3cccc(N4CCOCC4)c3)n2)c1,6.274905478918531
108,CHEMBL3924245,540.0,nM,CCS(=O)(=O)c1cc(Nc2ncc(F)c(N(C)c3cc(CO)ccc3C)n2)ccc1N1CCN(C)CC1,6.267606240177031
109,CHEMBL2403065,548.0,nM,CN1CCN(c2ccc(Nc3ncc(Cl)c(-c4cccc(CC#N)c4)n3)cc2F)CC1,6.261219441515631
110,CHEMBL4798596,560.0,nM,O=C(Nc1ccccc1Cl)NC1CCN(c2ncnc3[nH]ncc23)CC1,6.251811972993799
111,CHEMBL5090394,580.0,nM,CNc1ncc2cc(-c3ccc(-c4ncccc4F)cc3Cl)c(=O)n(C[C@H]3OC[C@H](N)CO3)c2n1,6.236572006437063
112,CHEMBL4782048,590.0,nM,O=C(NCC1CC1)c1n[nH]c2cc(-c3ccc(-n4ccccc4=O)cc3Cl)ccc12,6.229147988357855
113,CHEMBL3596909,630.0,nM,O=C(c1ccc(CO)cc1)c1c[nH]c2ncc(-c3cnn(C4CCNCC4)c3)cc12,6.200659450546418
114,CHEMBL3596917,630.0,nM,NC(=O)c1ccc(C(=O)c2c[nH]c3ncc(-c4cnn(C5CCNCC5)c4)cc23)c(Cl)c1,6.200659450546418
115,CHEMBL2403075,636.0,nM,Cc1cnc(-c2cc(Nc3ncc(Cl)c(-c4cccc(CC#N)c4)n3)ccc2N2CCN(C)CC2)o1,6.196542884351587
116,CHEMBL3596913,650.0,nM,N#Cc1ccc(Cl)c(C(=O)c2c[nH]c3ncc(-c4cnn(C5CCNCC5)c4)cc23)c1,6.187086643357144
117,CHEMBL2403066,674.0,nM,CN1CCN(c2ccc(Nc3ncc(Cl)c(-c4cccc(CC#N)c4)n3)cc2O)CC1,6.17134010346468
118,CHEMBL3822986,685.0,nM,C[C@@H](Nc1nccc(Nc2cc(C3CC3)[nH]n2)n1)c1ccc2[nH]ccc2n1,6.164309428507575
119,CHEMBL3596905,740.0,nM,N#Cc1ccccc1C(=O)c1c[nH]c2ncc(-c3cnn(C4CCNCC4)c3)cc12,6.130768280269024
120,CHEMBL4794451,744.0,nM,Cc1cccn(-c2ccc(-c3ccc4c(C(=O)NC5CCOCC5)n[nH]c4c3)c(Cl)c2)c1=O,6.128427064454121
121,CHEMBL4783727,777.0,nM,Cc1cncc(-c2ccc(-c3ccc4c(C(=O)NCC5CC5)n[nH]c4c3)c(Cl)c2)n1,6.1095789811990855
122,CHEMBL2403071,780.0,nM,CN1CCN(c2ccc(Nc3ncc(Cl)c(-c4cccc(CC#N)c4)n3)cc2C#N)CC1,6.107905397309519
123,CHEMBL3962678,810.0,nM,Cc1ccc(CO)cc1N(C)c1nc(Nc2ccc(N3CCN(C)CC3)c(S(C)(=O)=O)c2)ncc1F,6.09151498112135
124,CHEMBL3769981,813.0,nM,CCNc1ncc2cc(-c3ccc(-c4cncc(C)n4)cc3Cl)c(=O)n(CC3CCNC(=O)C3)c2n1,6.089909454405932
125,CHEMBL4779121,830.0,nM,O=C(CCN1CCOCC1)Nc1ccc2c(c1)/C(=C\c1c[nH]c3ccccc13)C(=O)N2,6.080921907623926
126,CHEMBL5089164,859.5,nM,Cn1ccc2cc(Nc3ncc(C(F)(F)F)c(N[C@H]4CC[C@@H](N)CC4)n3)ccc2c1=O,6.065754118976929
127,CHEMBL3961614,860.0,nM,Cc1ccc(CO)cc1N(C)c1nc(Nc2cc(N3CCOCC3)cc(S(C)(=O)=O)c2)ncc1F,6.065501548756432
128,CHEMBL2403067,957.0,nM,CCOc1cc(Nc2ncc(Cl)c(-c3cccc(CC#N)c3)n2)ccc1N1CCN(C)CC1,6.019088062223156
129,CHEMBL3770806,980.0,nM,CCNc1ncc2cc(-c3ccc(-c4cncc(C)n4)cc3Cl)c(=O)n(CCCO)c2n1,6.008773924307505
130,CHEMBL2403060,985.0,nM,COc1cc(Nc2ncc(Cl)c(-c3cccc(C(C)(C)C#N)c3)n2)ccc1N1CCN(C)CC1,6.006563769502389
131,CHEMBL4293583,1000.0,nM,CO[C@@H]1[C@@H](O)[C@H](O[C@@H]2[C@@H](O)[C@H](O[C@H]3[C@H](O)[C@@H](O[C@@H]4OC[C@@H](O)[C@H](O)[C@H]4O)[C@H](O[C@H]4[C@H](O[C@H]5CC[C@]6(C)[C@@H]7CCC89C(=O)O[C@@](C)(CCCC(C)C)[C@H]8[C@@H](OC(C)=O)C[C@@]9(C)C7=CC[C@H]6C5(C)C)OC[C@@H](OS(=O)(=O)[O-])[C@@H]4O)O[C@@H]3C)OC[C@H]2O)O[C@H](CO)[C@H]1O.[Na+],6.0
132,CHEMBL4787813,1140.0,nM,O=C(Nc1ccc(F)cc1F)NC1CCN(c2ncnc3[nH]ncc23)CC1,5.943095148663527
133,CHEMBL4780324,1240.0,nM,O=C(Nc1cccc(Cl)c1)NC1CCN(c2ncnc3[nH]ncc23)CC1,5.906578314837764
134,CHEMBL5092606,1277.3,nM,CN(C)C(=O)c1ccc(Nc2ncc(C(F)(F)F)c(N[C@H]3CC[C@@H](N)CC3)n2)cc1,5.8937070878243425
135,CHEMBL2403074,1420.0,nM,CN1CCN(c2ccc(Nc3ncc(Cl)c(-c4cccc(CC#N)c4)n3)cc2-c2ncco2)CC1,5.847711655616944
136,CHEMBL5091324,1500.0,nM,CN(C)C(=O)N1CC[C@H](NC2=Nc3cc(F)ccc3N(CC(F)F)c3ccc(Cl)cc32)C1,5.823908740944319
137,CHEMBL3596907,2000.0,nM,O=C(c1cccc(Cl)c1)c1c[nH]c2ncc(-c3cnn(C4CCNCC4)c3)cc12,5.698970004336019
138,CHEMBL4552628,2100.0,nM,Cc1sc(C(=O)N[C@@H]2[C@H](N)CCCC2(F)F)cc1-c1cnn2cc(Cl)cnc12,5.6777807052660805
139,CHEMBL3935195,2100.0,nM,Cc1cc(C)c(N(C)c2nc(Nc3ccc(N4CCN(C)CC4)cc3)ncc2F)cc1CO,5.6777807052660805
140,CHEMBL2403061,2140.0,nM,COc1cc(Nc2ncc(Cl)c(-c3cccc(C(=O)NCC#N)c3)n2)ccc1N1CCN(C)CC1,5.669586226650809
141,CHEMBL4784049,2160.0,nM,Cc1cccc(C)c1NC(=O)NC1CCN(c2ncnc3[nH]ncc23)CC1,5.665546248849069
142,CHEMBL3580962,2200.0,nM,N[C@H]1CC[C@H](CNc2nccc(Nc3cc(C4CC4)[nH]n3)n2)CC1,5.657577319177793
143,CHEMBL4776761,2290.0,nM,O=C(Nc1ccc(Cl)c(Cl)c1)NC1CCN(c2ncnc3[nH]ncc23)CC1,5.6401645176601125
144,CHEMBL4747190,2440.0,nM,O=C(CCN1CCOCC1)Nc1ccc2c(c1)/C(=C\c1ccc(F)c(Cl)c1)C(=O)N2,5.61261017366127
145,CHEMBL1437894,2500.0,nM,CCCCCC(=O)c1c(O)cc(OC)c(Cl)c1O,5.6020599913279625
146,CHEMBL472940,2500.0,nM,Oc1ccc2ccccc2c1SSc1c(O)ccc2ccccc12,5.6020599913279625
147,CHEMBL4779077,2510.0,nM,O=C(NC1CCN(c2ncnc3[nH]ncc23)CC1)c1cccc(C(F)(F)F)c1,5.600326278518962
148,CHEMBL2403062,2680.0,nM,CCOC(=O)c1cccc(-c2nc(Nc3ccc(N4CCN(C)CC4)c(OC)c3)ncc2Cl)c1,5.571865205971211
149,CHEMBL2403068,2880.0,nM,COCCOc1cc(Nc2ncc(Cl)c(-c3cccc(CC#N)c3)n2)ccc1N1CCN(C)CC1,5.5406075122407685
150,CHEMBL1762546,3100.0,nM,Cc1ccc(CO)cc1N(C)c1ccnc(Nc2cc(N3CCOCC3)cc(S(C)(=O)=O)c2)n1,5.508638306165727
151,CHEMBL4748052,3170.0,nM,O=C(CCN1CCOCC1)Nc1ccc2c(c1)/C(=C\c1ccc(O)c(O)c1)C(=O)N2,5.498940737782249
152,CHEMBL3969873,3300.0,nM,COCc1ccc(C)c(N(C)c2nc(Nc3cc(N4CCOCC4)cc(S(C)(=O)=O)c3)ncc2F)c1,5.481486060122112
153,CHEMBL4799887,3410.0,nM,O=C(CCN1CCOCC1)Nc1ccc2c(c1)/C(=C\c1ccc(O)cc1)C(=O)N2,5.467245621007502
154,CHEMBL4277903,4000.0,nM,Cc1cc(C)cc(NC(=N)Nc2ccccc2C(F)(F)F)c1,5.3979400086720375
155,CHEMBL2403073,4010.0,nM,CCN(CC)C(=O)c1cc(Nc2ncc(Cl)c(-c3cccc(CC#N)c3)n2)ccc1N1CCN(C)CC1,5.396855627379818
156,CHEMBL4779629,4030.0,nM,O=C(Nc1ccc(Br)cc1)NC1CCN(c2ncnc3[nH]ncc23)CC1,5.39469495385889
157,CHEMBL4780102,4170.0,nM,O=C(NC1CCN(c2ncnc3[nH]ncc23)CC1)c1cccc(Cl)c1Cl,5.379863945026242
158,CHEMBL4743541,4350.0,nM,O=C(CCN1CCOCC1)Nc1ccc2c(c1)/C(=C\c1ccc3[nH]ncc3c1)C(=O)N2,5.361510743045363
159,CHEMBL4793597,4540.0,nM,O=C(NC1CCN(c2ncnc3[nH]ncc23)CC1)c1ccc(F)cc1,5.342944147142896
160,CHEMBL2403064,4670.0,nM,COc1cc(Nc2ncc(Cl)c(-c3cccc(NC(C)=O)c3)n2)ccc1N1CCN(C)CC1,5.330683119433887
161,CHEMBL4789740,4710.0,nM,Cc1ccc(NC(=O)NC2CCN(c3ncnc4[nH]ncc34)CC2)cc1,5.326979092871104
162,CHEMBL5179545,5000.0,nM,CCC(=O)c1n[nH]c2ccc(-c3ccccc3Cl)cc12,5.301029995663981
163,CHEMBL4748736,5000.0,nM,CNC(=O)c1n[nH]c2cc(-c3ccccc3Cl)ccc12,5.301029995663981
164,CHEMBL4782248,5170.0,nM,O=C(Nc1ccc(F)cc1F)N1CCC(Nc2ncnc3[nH]ncc23)CC1,5.286509456906058
165,CHEMBL2403063,5210.0,nM,COc1cc(Nc2ncc(Cl)c(-c3cccc(C(=O)O)c3)n2)ccc1N1CCN(C)CC1,5.283162276700475
166,CHEMBL4791690,5240.0,nM,O=C(NC1CCN(c2ncnc3[nH]ncc23)CC1)c1ccccc1Cl,5.280668713016274
167,CHEMBL4777564,5240.0,nM,O=C(Nc1ccccc1Cl)N1CCC(Nc2ncnc3[nH]ncc23)CC1,5.280668713016274
168,CHEMBL3128042,5420.0,nM,COCCNc1nc2ccc(C#CC3(O)CCCCC3)cc2n1-c1ccnc(N)n1,5.266000713461613
169,CHEMBL4783298,5460.0,nM,O=C(Nc1ccc(Cl)cc1Cl)N1CCC(Nc2ncnc3[nH]ncc23)CC1,5.262807357295262
170,CHEMBL4781055,5610.0,nM,Cc1ccc(C(=O)NC2CCN(c3ncnc4[nH]ncc34)CC2)cc1,5.251037138743838
171,CHEMBL4784509,5740.0,nM,O=C(NC1CCN(c2ncnc3[nH]ncc23)CC1)c1ccc(C(F)(F)F)cc1,5.241088107602026
172,CHEMBL4779460,5770.0,nM,CN(C)c1ccc(/C=C2/C(=O)Nc3ccc(NC(=O)CCN4CCOCC4)cc32)cc1,5.238824186844269
173,CHEMBL4761972,5770.0,nM,O=C(CCN1CCCCC1)Nc1ccc2c(c1)/C(=C\c1c[nH]c3ccccc13)C(=O)N2,5.238824186844269
174,CHEMBL3609329,6000.0,nM,CN1CCN(C2=Nc3cc(F)ccc3N(C)c3ccc(Cl)cc32)CC1,5.221848749616356
175,CHEMBL4550702,6200.0,nM,Cn1cc(-c2cnc3c(-c4csc(C(=O)NCC(F)(F)F)c4)cnn3c2)cn1,5.207608310501746
176,CHEMBL4800174,6260.0,nM,Cc1ccccc1C(=O)NC1CCN(c2ncnc3[nH]ncc23)CC1,5.20342566678957
177,CHEMBL4796946,6270.0,nM,Cc1cccc(C)c1NC(=O)N1CCC(Nc2ncnc3[nH]ncc23)CC1,5.202732459169283
178,CHEMBL3596901,6300.0,nM,O=S(=O)(c1ccccc1Cl)c1c[nH]c2ncc(-c3cnn(C4CCNCC4)c3)cc12,5.200659450546418
179,CHEMBL4781239,6370.0,nM,COc1ccc(NC(=O)NC2CCN(c3ncnc4[nH]ncc34)CC2)cc1,5.195860567664649
180,CHEMBL2403072,6550.0,nM,CNC(=O)c1cc(Nc2ncc(Cl)c(-c3cccc(CC#N)c3)n2)ccc1N1CCN(C)CC1,5.183758700008217
181,CHEMBL4780723,6670.0,nM,S=C(Nc1ccccc1Cl)N1CCC(Nc2ncnc3[nH]ncc23)CC1,5.175874166083451
182,CHEMBL4783933,6770.0,nM,Cc1cc(C)c(C(=O)NC2CCN(c3ncnc4[nH]ncc34)CC2)c(C)c1,5.169411331314856
183,CHEMBL4793210,6770.0,nM,O=C(c1cccc(Cl)c1Cl)N1CCC(Nc2ncnc3[nH]ncc23)CC1,5.169411331314856
184,CHEMBL4793598,6840.0,nM,O=C(c1ccccc1Cl)N1CCC(Nc2ncnc3[nH]ncc23)CC1,5.164943898279883
185,CHEMBL4785429,7150.0,nM,O=C(Nc1ccc(C(F)(F)F)cc1)NC1CCN(c2ncnc3[nH]ncc23)CC1,5.145693958198919
186,CHEMBL4798737,7180.0,nM,O=C(Nc1cccc(Cl)c1)N1CCC(Nc2ncnc3[nH]ncc23)CC1,5.1438755557577
187,CHEMBL4788906,7360.0,nM,Cc1cccc(C)c1NC(=S)N1CCC(Nc2ncnc3[nH]ncc23)CC1,5.133122185662501
188,CHEMBL4764030,7380.0,nM,O=C(CCN1CCCCC1)Nc1ccc2c(c1)/C(=C\c1cnc3ccccn13)C(=O)N2,5.131943638176958
189,CHEMBL3594175,7800.0,nM,CN1CC[C@H](c2cc(Nc3ccnc(N(C)Cc4ccc5[nH]cnc5c4Cl)n3)n[nH]2)C1=O,5.107905397309519
190,CHEMBL4793834,7820.0,nM,O=C(c1ccc(F)cc1)N1CCC(Nc2ncnc3[nH]ncc23)CC1,5.106793246940152
191,CHEMBL4755550,7830.0,nM,O=C(CCN1CCCCC1)Nc1ccc2c(c1)/C(=C\c1ccc(F)c(Cl)c1)C(=O)N2,5.106238237942057
192,CHEMBL4782367,7890.0,nM,S=C(Nc1cccc(Cl)c1)N1CCC(Nc2ncnc3[nH]ncc23)CC1,5.10292299679058
193,CHEMBL4569508,8300.0,nM,O=C(NCC(F)(F)F)c1cc(-c2cnn3cc(-c4ccc(OCCN5CCCCC5)cc4)cnc23)cs1,5.080921907623926
194,CHEMBL2403076,8360.0,nM,Cc1nnc(-c2cc(Nc3ncc(Cl)c(-c4cccc(CC#N)c4)n3)ccc2N2CCN(C)CC2)o1,5.077793722560983
195,CHEMBL4798937,8710.0,nM,FC(F)(F)c1cc(NC(=S)N2CCC(Nc3ncnc4[nH]ncc34)CC2)cc(C(F)(F)F)c1,5.059981844992336
196,CHEMBL4776846,8820.0,nM,COc1ccc(C(=O)NC2CCN(c3ncnc4[nH]ncc34)CC2)cc1,5.05453141486818
197,CHEMBL4785123,9320.0,nM,O=C(Nc1cc(C(F)(F)F)cc(C(F)(F)F)c1)N1CCC(Nc2ncnc3[nH]ncc23)CC1,5.030584087646019
198,CHEMBL4761779,9380.0,nM,COc1ccc(/C=C2/C(=O)Nc3ccc(NC(=O)CCN4CCOCC4)cc32)cc1,5.027797161620935
199,CHEMBL4789709,9440.0,nM,O=C(c1ccc(Cl)cc1)N1CCC(Nc2ncnc3[nH]ncc23)CC1,5.025028005701931
200,CHEMBL4743990,9560.0,nM,O=C(CCN1CCCCC1)Nc1ccc2c(c1)/C(=C\c1ccco1)C(=O)N2,5.0195421077239
201,CHEMBL3128055,9600.0,nM,CCNc1nc2ccc(C#CC(C)(C)O)cc2n1-c1ncnc(N)n1,5.017728766960431
202,CHEMBL3884319,10000.0,nM,CC1(C)C(=O)N([C@H]2CCc3c(O)cccc32)c2nc(Nc3ccccc3)ncc21,5.0
203,CHEMBL4784170,10780.0,nM,COc1cc(/C=C2/C(=O)Nc3ccc(NC(=O)CCN4CCOCC4)cc32)ccc1O,4.96738123914928
204,CHEMBL4800106,10850.0,nM,O=C(Nc1ccc(Cl)c(Cl)c1)N1CCC(Nc2ncnc3[nH]ncc23)CC1,4.964570261815451
205,CHEMBL4791790,11140.0,nM,O=C(Nc1cccc2ccccc12)NC1CCN(c2ncnc3[nH]ncc23)CC1,4.95311480916229
206,CHEMBL2403069,11300.0,nM,CN1CCN(c2ccc(Nc3ncc(Cl)c(-c4cccc(CC#N)c4)n3)cc2C(=O)O)CC1,4.94692155651658
207,CHEMBL4791897,11560.0,nM,O=C(CCN1CCCCC1)Nc1ccc2c(c1)/C(=C\c1ccc3[nH]ncc3c1)C(=O)N2,4.93704216591549
208,CHEMBL4741943,12150.0,nM,Cc1cc(/C=C2/C(=O)Nc3ccc(NC(=O)CCN4CCOCC4)cc32)cc(C)c1O,4.915423722065669
209,CHEMBL4741285,13170.0,nM,O=C(CCN1CCCCC1)Nc1ccc2c(c1)/C(=C\c1ccc(O)cc1)C(=O)N2,4.8804142250382165
210,CHEMBL4791047,13760.0,nM,COc1ccc(NC(=O)N2CCC(Nc3ncnc4[nH]ncc34)CC2)cc1,4.8613815661005075
211,CHEMBL3892617,14000.0,nM,CN(c1cccc(CO)c1)c1nc(Nc2cc(N3CCOCC3)cc(S(C)(=O)=O)c2)ncc1F,4.853871964321762
212,CHEMBL165,15000.0,nM,Oc1ccc(/C=C/c2cc(O)cc(O)c2)cc1,4.823908740944319
213,CHEMBL4791617,15110.0,nM,COc1ccc(NC(=S)N2CCC(Nc3ncnc4[nH]ncc34)CC2)cc1,4.820735535660974
214,CHEMBL4783433,15750.0,nM,O=C(Nc1ccc(C(F)(F)F)cc1)N1CCC(Nc2ncnc3[nH]ncc23)CC1,4.80271944187438
215,CHEMBL140,16000.0,nM,COc1cc(/C=C/C(=O)CC(=O)/C=C/c2ccc(O)c(OC)c2)ccc1O,4.795880017344075
216,CHEMBL4786269,16400.0,nM,O=C(NC1CCN(c2ncnc3[nH]ncc23)CC1)c1ccc(Br)cc1,4.785156151952302
217,CHEMBL4787384,17440.0,nM,Cc1ccc(NC(=O)N2CCC(Nc3ncnc4[nH]ncc34)CC2)cc1,4.758453519403451
218,CHEMBL4792139,17890.0,nM,O=C(Nc1ccc(Br)cc1)N1CCC(Nc2ncnc3[nH]ncc23)CC1,4.747389659432627
219,CHEMBL271138,18000.0,nM,c1nc(N2CCOCC2)c2nc[nH]c2n1,4.7447274948966935
220,CHEMBL271139,18000.0,nM,c1nc(NC2CCCC2)c2nc[nH]c2n1,4.7447274948966935
221,CHEMBL4776242,19550.0,nM,Cc1ccc(NC(=S)N2CCC(Nc3ncnc4[nH]ncc34)CC2)cc1,4.708853238268114
222,CHEMBL4747878,22330.0,nM,COc1ccc(/C=C2/C(=O)Nc3ccc(NC(=O)CCN4CCOCC4)cc32)cc1OC,4.651111276928562
223,CHEMBL407278,23000.0,nM,CC1CC(Nc2ncnc3[nH]cnc23)CC(C)(C)C1,4.638272163982407
224,CHEMBL408244,23000.0,nM,CC(Sc1ncnc2[nH]cnc12)c1ccccc1Cl,4.638272163982407
225,CHEMBL4747628,23140.0,nM,O=C1Nc2ccc(NC(=O)N3CCOCC3)cc2/C1=C\c1ccc(F)c(Cl)c1,4.6356366453842694
226,CHEMBL4791784,24110.0,nM,COc1cc(/C=C2/C(=O)Nc3ccc(NC(=O)CCN4CCOCC4)cc32)cc(OC)c1OC,4.617802789622546
227,CHEMBL456309,25000.0,nM,CC(C)=CCc1cc(/C=C/C(=O)O)cc(CC=C(C)C)c1O,4.6020599913279625
228,CHEMBL4793325,25390.0,nM,O=C1Nc2ccc(NC(=O)N3CCOCC3)cc2/C1=C\c1ccc2[nH]ncc2c1,4.595337299126278
229,CHEMBL4799919,29210.0,nM,O=C(c1ccc(Br)cc1)N1CCC(Nc2ncnc3[nH]ncc23)CC1,4.534468443026451
230,CHEMBL259040,31000.0,nM,c1nc2cnc(NC3CCCCC3)nc2[nH]1,4.508638306165727
231,CHEMBL4790143,31090.0,nM,Cc1cc(C)c(C(=O)N2CCC(Nc3ncnc4[nH]ncc34)CC2)c(C)c1,4.507379277956808
232,CHEMBL4779069,33210.0,nM,Cc1ccccc1C(=O)N1CCC(Nc2ncnc3[nH]ncc23)CC1,4.478731124401615
233,CHEMBL469,36000.0,nM,O=C(c1ccccc1)c1ccc2n1CCC2C(=O)O,4.443697499232713
234,CHEMBL259041,38000.0,nM,CCCCCSc1ncnc2[nH]cnc12,4.42021640338319
235,CHEMBL4777324,39450.0,nM,Cc1ccc(C(=O)N2CCC(Nc3ncnc4[nH]ncc34)CC2)cc1,4.403952992454561
236,CHEMBL3609328,54000.0,nM,CN1CCN(C2=Nc3cc(F)ccc3Nc3ccc(F)cc32)CC1,4.267606240177032
